baker	key	season	place	index
Alice	0	10	0	0
Amelia	1	10	0	1
David	2	10	0	2
Helena	3	10	0	3
Henry	4	10	0	4
Michael	5	10	0	5
Michelle	6	10	0	6
Phil	7	10	0	7
Priya	8	10	0	8
Rosie	9	10	0	9
Steph	10	10	0	10
Jamie	11	10	12	11
Dan	12	10	13	12
